DATA,3,1,-1,3,1,5
DATA,7,2,3,6,6,14
DATA,10,3,3,9,13,22
DATA,11,4,3,10,15,28
DATA,12,5,-1,9,24,32
DATA,15,6,-1,12,37,40
DATA,17,7,-1,13,47,48
DATA,19,8,3,14,60,54
DATA,21,9,-1,15,71,60
DATA,25,10,3,18,81,70
DATA,28,11,3,21,91,78
DATA,29,12,3,22,98,84
DATA,30,13,-1,21,108,88
DATA,34,14,3,24,118,98
DATA,37,15,3,27,128,106
DATA,38,16,3,28,140,112
DATA,39,17,-1,27,153,118
DATA,40,18,3,26,165,122
DATA,41,19,3,25,173,128
DATA,42,20,-1,24,193,132
DATA,44,21,-1,25,206,140
DATA,46,22,3,26,221,146
DATA,48,23,-1,27,232,152
DATA,51,24,-1,30,245,160
DATA,53,25,-1,31,262,168
DATA,54,26,-1,30,269,174
DATA,55,27,3,29,282,178
DATA,57,28,-1,30,299,184
DATA,59,29,-1,31,313,192
DATA,61,30,3,32,327,198
DATA,64,31,3,35,342,206
DATA,65,32,3,34,351,212
DATA,66,33,-1,33,361,216
DATA,69,34,-1,36,375,224
DATA,71,35,-1,37,387,232
DATA,73,36,3,38,400,238
DATA,75,37,-1,39,411,244
DATA,79,38,3,42,421,254
DATA,82,39,3,45,431,262
DATA,83,40,3,46,438,268
DATA,84,41,-1,45,448,272
DATA,88,42,3,48,458,282
DATA,91,43,3,51,468,290
DATA,92,44,3,52,480,296
DATA,93,45,-1,51,493,302
DATA,94,46,3,50,505,306
DATA,95,47,3,49,513,312
DATA,96,48,-1,48,533,316
DATA,98,49,-1,49,546,324
DATA,100,50,3,50,561,330
DATA,102,51,-1,51,572,336
DATA,106,52,3,54,582,346
DATA,109,53,3,57,592,354
DATA,110,54,3,58,599,360
DATA,111,55,-1,57,609,364
DATA,115,56,3,60,619,374
DATA,118,57,3,63,629,382
DATA,119,58,3,64,641,388
DATA,120,59,-1,63,654,394
DATA,121,60,3,62,668,398
DATA,122,61,3,61,684,404
DATA,123,62,-1,60,707,410
DATA,124,63,3,59,719,416
DATA,125,64,-1,58,731,420
DATA,127,65,3,59,755,426
DATA,128,66,3,58,770,432
DATA,129,67,-1,57,789,438
DATA,130,68,3,56,805,442
DATA,131,69,3,55,813,448
DATA,132,70,-1,54,837,452
DATA,134,71,-1,55,860,460
DATA,135,72,-1,54,867,466
DATA,136,73,3,53,884,470
DATA,138,74,-1,54,902,476
DATA,140,75,-1,55,916,484
DATA,142,76,3,56,930,490
DATA,145,77,3,59,945,498
DATA,146,78,3,58,954,504
DATA,147,79,-1,57,964,508
DATA,150,80,-1,60,978,516
DATA,152,81,-1,61,990,524
DATA,154,82,3,62,1003,530
DATA,156,83,-1,63,1014,536
DATA,159,84,-1,66,1027,544
DATA,161,85,-1,67,1045,552
DATA,162,86,-1,66,1055,558
DATA,163,87,3,65,1069,562
DATA,165,88,-1,66,1089,568
DATA,167,89,-1,67,1113,576
DATA,168,90,-1,66,1128,582
DATA,169,91,3,65,1148,588
DATA,170,92,-1,64,1158,592
DATA,172,93,3,65,1182,598
DATA,173,94,3,64,1191,604
DATA,174,95,-1,63,1206,608
DATA,177,96,-1,66,1224,616
DATA,179,97,-1,67,1245,624
DATA,180,98,-1,66,1252,630
DATA,181,99,3,65,1267,634
DATA,183,100,-1,66,1285,640
DATA,185,101,-1,67,1299,648
DATA,187,102,3,68,1313,654
DATA,190,103,3,71,1328,662
DATA,191,104,3,70,1337,668
DATA,192,105,-1,69,1347,672
DATA,196,106,3,72,1357,682
DATA,199,107,3,75,1367,690
DATA,200,108,3,76,1381,696
DATA,201,109,-1,75,1394,702
DATA,202,110,3,74,1410,706
DATA,203,111,3,73,1418,712
DATA,204,112,-1,72,1439,716
DATA,206,113,-1,73,1452,724
DATA,208,114,3,74,1467,730
DATA,210,115,-1,75,1478,736
DATA,213,116,-1,78,1491,744
DATA,215,117,-1,79,1508,752
DATA,216,118,-1,78,1515,758
DATA,217,119,3,77,1528,762
DATA,219,120,-1,78,1545,768
DATA,221,121,-1,79,1559,776
DATA,223,122,3,80,1573,782
DATA,226,123,3,83,1588,790
DATA,227,124,3,82,1597,796
DATA,228,125,-1,81,1607,800
DATA,231,126,-1,84,1621,808
DATA,233,127,-1,85,1633,816
DATA,235,128,3,86,1646,822
DATA,237,129,-1,87,1657,828
DATA,241,130,3,90,1667,838
DATA,244,131,3,93,1677,846
DATA,245,132,3,94,1684,852
DATA,246,133,-1,93,1694,856
DATA,250,134,3,96,1704,866
DATA,253,135,3,99,1714,874
DATA,254,136,3,100,1726,880
DATA,255,137,-1,99,1739,886
DATA,256,138,3,98,1751,890
DATA,257,139,3,97,1759,896
DATA,258,140,-1,96,1779,900
DATA,260,141,-1,97,1792,908
DATA,262,142,3,98,1807,914
DATA,264,143,-1,99,1818,920
DATA,268,144,3,102,1828,930
DATA,271,145,3,105,1838,938
DATA,272,146,3,106,1845,944
DATA,273,147,-1,105,1855,948
DATA,277,148,3,108,1865,958
DATA,280,149,3,111,1875,966
DATA,281,150,3,112,1887,972
DATA,282,151,-1,111,1900,978
DATA,283,152,3,110,1914,982
DATA,284,153,3,109,1930,988
DATA,285,154,-1,108,1953,994
DATA,286,155,3,107,1965,1000
DATA,287,156,-1,106,1977,1004
DATA,289,157,3,107,2001,1010
DATA,290,158,3,106,2016,1016
DATA,291,159,-1,105,2035,1022
DATA,292,160,3,104,2051,1026
DATA,293,161,3,103,2059,1032
DATA,294,162,-1,102,2083,1036
DATA,296,163,-1,103,2106,1044
DATA,297,164,-1,102,2113,1050
DATA,298,165,3,101,2130,1054
DATA,300,166,-1,102,2148,1060
DATA,302,167,-1,103,2162,1068
DATA,304,168,3,104,2176,1074
DATA,307,169,3,107,2191,1082
DATA,308,170,3,106,2200,1088
DATA,309,171,-1,105,2210,1092
DATA,312,172,-1,108,2224,1100
DATA,314,173,-1,109,2236,1108
DATA,316,174,3,110,2249,1114
DATA,318,175,-1,111,2260,1120
DATA,322,176,3,114,2270,1130
DATA,325,177,3,117,2280,1138
DATA,326,178,3,118,2287,1144
DATA,327,179,-1,117,2297,1148
DATA,331,180,3,120,2307,1158
DATA,334,181,3,123,2317,1166
DATA,335,182,3,124,2329,1172
DATA,336,183,-1,123,2342,1178
DATA,337,184,3,122,2354,1182
DATA,338,185,3,121,2362,1188
DATA,339,186,-1,120,2382,1192
DATA,341,187,-1,121,2395,1200
DATA,343,188,3,122,2410,1206
DATA,345,189,-1,123,2421,1212
DATA,349,190,3,126,2431,1222
DATA,352,191,3,129,2441,1230
DATA,353,192,3,130,2448,1236
DATA,354,193,-1,129,2458,1240
DATA,358,194,3,132,2468,1250
DATA,361,195,3,135,2478,1258
DATA,362,196,3,136,2490,1264
DATA,363,197,-1,135,2503,1270
DATA,364,198,3,134,2517,1274
DATA,365,199,3,133,2533,1280
DATA,366,200,-1,132,2556,1286
DATA,367,201,3,131,2568,1292
DATA,368,202,-1,130,2580,1296
DATA,370,203,3,131,2604,1302
DATA,371,204,3,130,2619,1308
DATA,372,205,-1,129,2638,1314
DATA,373,206,3,128,2657,1318
DATA,374,207,3,127,2674,1324
DATA,375,208,-1,126,2701,1330
DATA,376,209,3,125,2714,1336
DATA,377,210,-1,124,2735,1340
DATA,378,211,-1,123,2742,1346
DATA,379,212,3,122,2768,1350
DATA,380,213,3,121,2776,1356
DATA,381,214,-1,120,2799,1360
DATA,383,215,-1,121,2814,1368
DATA,385,216,3,122,2829,1374
DATA,388,217,3,125,2845,1382
DATA,389,218,3,124,2863,1388
DATA,390,219,-1,123,2876,1394
DATA,391,220,3,122,2895,1398
DATA,392,221,3,121,2912,1404
DATA,393,222,-1,120,2936,1410
DATA,394,223,3,119,2949,1416
DATA,395,224,-1,118,2962,1420
DATA,397,225,3,119,2987,1426
DATA,398,226,3,118,3004,1432
DATA,399,227,-1,117,3023,1438
DATA,400,228,3,116,3040,1442
DATA,401,229,3,115,3048,1448
DATA,402,230,-1,114,3072,1452
DATA,404,231,-1,115,3096,1460
DATA,405,232,-1,114,3106,1466
DATA,406,233,3,113,3124,1470
DATA,408,234,-1,114,3145,1476
DATA,410,235,-1,115,3169,1484
DATA,411,236,-1,114,3184,1490
DATA,412,237,3,113,3204,1496
DATA,413,238,-1,112,3214,1500
DATA,415,239,3,113,3238,1506
DATA,416,240,3,112,3247,1512
DATA,417,241,-1,111,3262,1516
DATA,420,242,-1,114,3280,1524
DATA,422,243,-1,115,3301,1532
DATA,423,244,-1,114,3308,1538
DATA,424,245,3,113,3323,1542
DATA,426,246,-1,114,3341,1548
DATA,428,247,-1,115,3355,1556
DATA,430,248,3,116,3369,1562
DATA,433,249,3,119,3384,1570
DATA,434,250,3,118,3393,1576
DATA,435,251,-1,117,3403,1580
DATA,439,252,3,120,3413,1590
DATA,442,253,3,123,3423,1598
DATA,443,254,3,124,3437,1604
DATA,444,255,-1,123,3450,1610
DATA,445,256,3,122,3466,1614
DATA,446,257,3,121,3474,1620
DATA,447,258,-1,120,3495,1624
DATA,449,259,-1,121,3508,1632
DATA,451,260,3,122,3523,1638
DATA,453,261,-1,123,3534,1644
DATA,456,262,-1,126,3547,1652
DATA,458,263,-1,127,3564,1660
DATA,459,264,-1,126,3571,1666
DATA,460,265,3,125,3584,1670
DATA,462,266,-1,126,3601,1676
DATA,464,267,-1,127,3615,1684
DATA,466,268,3,128,3629,1690
DATA,469,269,3,131,3644,1698
DATA,470,270,3,130,3653,1704
DATA,471,271,-1,129,3663,1708
DATA,474,272,-1,132,3677,1716
DATA,476,273,-1,133,3689,1724
DATA,478,274,3,134,3702,1730
DATA,480,275,-1,135,3713,1736
DATA,483,276,-1,138,3726,1744
DATA,485,277,-1,139,3744,1752
DATA,486,278,-1,138,3754,1758
DATA,487,279,3,137,3768,1762
DATA,489,280,-1,138,3788,1768
DATA,491,281,-1,139,3812,1776
DATA,492,282,-1,138,3827,1782
DATA,493,283,3,137,3847,1788
DATA,494,284,-1,136,3858,1792
DATA,496,285,3,137,3882,1798
DATA,497,286,3,136,3891,1804
DATA,498,287,-1,135,3906,1808
DATA,501,288,-1,138,3924,1816
DATA,503,289,-1,139,3946,1824
DATA,504,290,-1,138,3956,1830
DATA,505,291,3,137,3972,1834
DATA,507,292,-1,138,3993,1840
DATA,509,293,-1,139,4017,1848
DATA,510,294,-1,138,4035,1854
DATA,511,295,3,137,4056,1860
DATA,512,296,-1,136,4075,1864
DATA,513,297,-1,135,4082,1870
DATA,514,298,3,134,4108,1874
DATA,515,299,3,133,4117,1880
DATA,516,300,-1,132,4139,1884
DATA,518,301,-1,133,4154,1892
DATA,520,302,3,134,4169,1898
DATA,523,303,3,137,4185,1906
DATA,524,304,3,136,4203,1912
DATA,525,305,-1,135,4216,1918
DATA,526,306,3,134,4233,1922
DATA,527,307,3,133,4241,1928
DATA,528,308,-1,132,4262,1932
DATA,530,309,-1,133,4276,1940
DATA,532,310,3,134,4291,1946
DATA,534,311,-1,135,4302,1952
DATA,537,312,-1,138,4315,1960
DATA,539,313,-1,139,4333,1968
DATA,540,314,-1,138,4343,1974
DATA,541,315,3,137,4357,1978
DATA,543,316,-1,138,4377,1984
DATA,545,317,-1,139,4401,1992
DATA,546,318,-1,138,4416,1998
DATA,547,319,3,137,4436,2004
DATA,548,320,-1,136,4446,2008
DATA,550,321,3,137,4470,2014
DATA,551,322,3,136,4479,2020
DATA,552,323,-1,135,4494,2024
DATA,555,324,-1,138,4512,2032
DATA,557,325,-1,139,4533,2040
DATA,558,326,-1,138,4540,2046
DATA,559,327,3,137,4555,2050
DATA,561,328,-1,138,4573,2056
DATA,563,329,-1,139,4587,2064
DATA,565,330,3,140,4601,2070
DATA,568,331,3,143,4616,2078
DATA,569,332,3,142,4625,2084
DATA,570,333,-1,141,4635,2088
DATA,574,334,3,144,4645,2098
DATA,577,335,3,147,4655,2106
DATA,578,336,3,148,4669,2112
DATA,579,337,-1,147,4682,2118
DATA,580,338,3,146,4698,2122
DATA,581,339,3,145,4706,2128
DATA,582,340,-1,144,4727,2132
DATA,584,341,-1,145,4740,2140
DATA,586,342,3,146,4755,2146
DATA,588,343,-1,147,4766,2152
DATA,592,344,3,150,4776,2162
DATA,595,345,3,153,4786,2170
DATA,596,346,3,154,4793,2176
DATA,597,347,-1,153,4803,2180
DATA,601,348,3,156,4813,2190
DATA,604,349,3,159,4823,2198
DATA,605,350,3,160,4835,2204
DATA,606,351,-1,159,4848,2210
DATA,607,352,3,158,4862,2214
DATA,608,353,3,157,4879,2220
DATA,609,354,-1,156,4902,2226
DATA,610,355,3,155,4915,2232
DATA,611,356,-1,154,4927,2236
DATA,613,357,3,155,4952,2242
DATA,614,358,3,154,4969,2248
DATA,615,359,-1,153,4988,2254
DATA,616,360,3,152,5005,2258
DATA,617,361,3,151,5013,2264
DATA,618,362,-1,150,5037,2268
DATA,620,363,-1,151,5060,2276
DATA,621,364,-1,150,5067,2282
DATA,622,365,3,149,5084,2286
DATA,624,366,-1,150,5102,2292
DATA,626,367,-1,151,5116,2300
DATA,628,368,3,152,5130,2306
DATA,631,369,3,155,5145,2314
DATA,632,370,3,154,5154,2320
DATA,633,371,-1,153,5164,2324
DATA,636,372,-1,156,5178,2332
DATA,638,373,-1,157,5190,2340
DATA,640,374,3,158,5203,2346
DATA,642,375,-1,159,5214,2352
DATA,645,376,-1,162,5227,2360
DATA,647,377,-1,163,5245,2368
DATA,648,378,-1,162,5255,2374
DATA,649,379,3,161,5269,2378
DATA,651,380,-1,162,5289,2384
DATA,653,381,-1,163,5313,2392
DATA,654,382,-1,162,5328,2398
DATA,655,383,3,161,5348,2404
DATA,656,384,-1,160,5358,2408
DATA,658,385,3,161,5382,2414
DATA,659,386,3,160,5391,2420
DATA,660,387,-1,159,5406,2424
DATA,663,388,-1,162,5424,2432
DATA,665,389,-1,163,5445,2440
DATA,666,390,-1,162,5452,2446
DATA,667,391,3,161,5467,2450
DATA,669,392,-1,162,5485,2456
DATA,671,393,-1,163,5499,2464
DATA,673,394,3,164,5513,2470
DATA,676,395,3,167,5528,2478
DATA,677,396,3,166,5537,2484
DATA,678,397,-1,165,5547,2488
DATA,682,398,3,168,5557,2498
DATA,685,399,3,171,5567,2506
DATA,686,400,3,172,5581,2512
DATA,687,401,-1,171,5594,2518
DATA,688,402,3,170,5610,2522
DATA,689,403,3,169,5618,2528
DATA,690,404,-1,168,5639,2532
DATA,692,405,-1,169,5652,2540
DATA,694,406,3,170,5667,2546
DATA,696,407,-1,171,5678,2552
DATA,699,408,-1,174,5691,2560
DATA,701,409,-1,175,5708,2568
DATA,702,410,-1,174,5715,2574
DATA,703,411,3,173,5728,2578
DATA,705,412,-1,174,5745,2584
DATA,707,413,-1,175,5759,2592
DATA,709,414,3,176,5773,2598
DATA,712,415,3,179,5788,2606
DATA,713,416,3,178,5797,2612
DATA,714,417,-1,177,5807,2616
DATA,717,418,-1,180,5821,2624
DATA,719,419,-1,181,5833,2632
DATA,721,420,3,182,5846,2638
DATA,723,421,-1,183,5857,2644
DATA,727,422,3,186,5867,2654
DATA,730,423,3,189,5877,2662
DATA,731,424,3,190,5884,2668
DATA,732,425,-1,189,5894,2672
DATA,736,426,3,192,5904,2682
DATA,739,427,3,195,5914,2690
DATA,740,428,3,196,5926,2696
DATA,741,429,-1,195,5939,2702
DATA,742,430,3,194,5951,2706
DATA,743,431,3,193,5959,2712
DATA,744,432,-1,192,5979,2716
DATA,746,433,-1,193,5992,2724
DATA,748,434,3,194,6007,2730
DATA,750,435,-1,195,6018,2736
DATA,754,436,3,198,6028,2746
DATA,757,437,3,201,6038,2754
DATA,758,438,3,202,6045,2760
DATA,759,439,-1,201,6055,2764
DATA,763,440,3,204,6065,2774
DATA,766,441,3,207,6075,2782
DATA,767,442,3,208,6087,2788
DATA,768,443,-1,207,6100,2794
DATA,769,444,3,206,6114,2798
DATA,770,445,3,205,6130,2804
DATA,771,446,-1,204,6153,2810
DATA,772,447,3,203,6165,2816
DATA,773,448,-1,202,6177,2820
DATA,775,449,3,203,6201,2826
DATA,776,450,3,202,6216,2832
DATA,777,451,-1,201,6235,2838
DATA,778,452,3,200,6251,2842
DATA,779,453,3,199,6259,2848
DATA,780,454,-1,198,6283,2852
DATA,782,455,-1,199,6306,2860
DATA,783,456,-1,198,6313,2866
DATA,784,457,3,197,6330,2870
DATA,786,458,-1,198,6348,2876
DATA,788,459,-1,199,6362,2884
DATA,790,460,3,200,6376,2890
DATA,793,461,3,203,6391,2898
DATA,794,462,3,202,6400,2904
DATA,795,463,-1,201,6410,2908
DATA,798,464,-1,204,6424,2916
DATA,800,465,-1,205,6436,2924
DATA,802,466,3,206,6449,2930
DATA,804,467,-1,207,6460,2936
DATA,808,468,3,210,6470,2946
DATA,811,469,3,213,6480,2954
DATA,812,470,3,214,6487,2960
DATA,813,471,-1,213,6497,2964
DATA,817,472,3,216,6507,2974
DATA,820,473,3,219,6517,2982
DATA,821,474,3,220,6529,2988
DATA,822,475,-1,219,6542,2994
DATA,823,476,3,218,6554,2998
DATA,824,477,3,217,6562,3004
DATA,825,478,-1,216,6582,3008
DATA,827,479,-1,217,6595,3016
DATA,829,480,3,218,6610,3022
DATA,831,481,-1,219,6621,3028
DATA,835,482,3,222,6631,3038
DATA,838,483,3,225,6641,3046
DATA,839,484,3,226,6648,3052
DATA,840,485,-1,225,6658,3056
DATA,844,486,3,228,6668,3066
DATA,847,487,3,231,6678,3074
DATA,848,488,3,232,6690,3080
DATA,849,489,-1,231,6703,3086
DATA,850,490,3,230,6717,3090
DATA,851,491,3,229,6733,3096
DATA,852,492,-1,228,6756,3102
DATA,853,493,3,227,6768,3108
DATA,854,494,-1,226,6780,3112
DATA,856,495,3,227,6804,3118
DATA,857,496,3,226,6819,3124
DATA,858,497,-1,225,6838,3130
DATA,859,498,3,224,6857,3134
DATA,860,499,3,223,6874,3140
DATA,861,500,-1,222,6901,3146
DATA,862,501,3,221,6914,3152
DATA,863,502,-1,220,6935,3156
DATA,864,503,-1,219,6942,3162
DATA,865,504,3,218,6968,3166
DATA,866,505,3,217,6976,3172
DATA,867,506,-1,216,6999,3176
DATA,869,507,-1,217,7014,3184
DATA,871,508,3,218,7029,3190
DATA,874,509,3,221,7045,3198
DATA,875,510,3,220,7063,3204
DATA,876,511,-1,219,7076,3210
DATA,877,512,3,218,7095,3214
DATA,878,513,3,217,7112,3220
DATA,879,514,-1,216,7136,3226
DATA,880,515,3,215,7149,3232
DATA,881,516,-1,214,7162,3236
DATA,883,517,3,215,7187,3242
DATA,884,518,3,214,7204,3248
DATA,885,519,-1,213,7223,3254
DATA,886,520,3,212,7240,3258
DATA,887,521,3,211,7248,3264
DATA,888,522,-1,210,7272,3268
DATA,890,523,-1,211,7296,3276
DATA,891,524,-1,210,7306,3282
DATA,892,525,3,209,7324,3286
DATA,894,526,-1,210,7345,3292
DATA,896,527,-1,211,7369,3300
DATA,897,528,-1,210,7384,3306
DATA,898,529,3,209,7404,3312
DATA,899,530,-1,208,7414,3316
DATA,901,531,3,209,7438,3322
DATA,902,532,3,208,7447,3328
DATA,903,533,-1,207,7462,3332
DATA,906,534,-1,210,7480,3340
DATA,908,535,-1,211,7501,3348
DATA,909,536,-1,210,7508,3354
DATA,910,537,3,209,7523,3358
DATA,912,538,-1,210,7541,3364
DATA,914,539,-1,211,7555,3372
DATA,916,540,3,212,7569,3378
DATA,919,541,3,215,7584,3386
DATA,920,542,3,214,7593,3392
DATA,921,543,-1,213,7603,3396
DATA,925,544,3,216,7613,3406
DATA,928,545,3,219,7623,3414
DATA,929,546,3,220,7637,3420
DATA,930,547,-1,219,7650,3426
DATA,931,548,3,218,7666,3430
DATA,932,549,3,217,7674,3436
DATA,933,550,-1,216,7695,3440
DATA,935,551,-1,217,7708,3448
DATA,937,552,3,218,7723,3454
DATA,939,553,-1,219,7734,3460
DATA,942,554,-1,222,7747,3468
DATA,944,555,-1,223,7764,3476
DATA,945,556,-1,222,7771,3482
DATA,946,557,3,221,7784,3486
DATA,948,558,-1,222,7801,3492
DATA,950,559,-1,223,7815,3500
DATA,952,560,3,224,7829,3506
DATA,955,561,3,227,7844,3514
DATA,956,562,3,226,7853,3520
DATA,957,563,-1,225,7863,3524
DATA,960,564,-1,228,7877,3532
DATA,962,565,-1,229,7889,3540
DATA,964,566,3,230,7902,3546
DATA,966,567,-1,231,7913,3552
DATA,970,568,3,234,7923,3562
DATA,973,569,3,237,7933,3570
DATA,974,570,3,238,7940,3576
DATA,975,571,-1,237,7950,3580
DATA,979,572,3,240,7960,3590
DATA,982,573,3,243,7970,3598
DATA,983,574,3,244,7982,3604
DATA,984,575,-1,243,7995,3610
DATA,985,576,3,242,8007,3614
DATA,986,577,3,241,8015,3620
DATA,987,578,-1,240,8035,3624
DATA,989,579,-1,241,8048,3632
DATA,991,580,3,242,8063,3638
DATA,993,581,-1,243,8074,3644
DATA,997,582,3,246,8084,3654
DATA,1000,583,3,249,8094,3662
DATA,1001,584,3,250,8101,3668
DATA,1002,585,-1,249,8111,3672
DATA,1006,586,3,252,8121,3682
DATA,1009,587,3,255,8131,3690
DATA,1010,588,3,256,8143,3696
DATA,1011,589,-1,255,8156,3702
DATA,1012,590,3,254,8170,3706
DATA,1013,591,3,253,8186,3712
DATA,1014,592,-1,252,8209,3718
DATA,1015,593,3,251,8221,3724
DATA,1016,594,-1,250,8233,3728
DATA,1018,595,3,251,8257,3734
DATA,1019,596,3,250,8272,3740
DATA,1020,597,-1,249,8291,3746
DATA,1021,598,3,248,8307,3750
DATA,1022,599,3,247,8315,3756
DATA,1023,600,-1,246,8339,3760
DATA,1025,601,-1,247,8362,3768
DATA,1026,602,-1,246,8369,3774
DATA,1027,603,3,245,8386,3778
DATA,1029,604,-1,246,8404,3784
DATA,1031,605,-1,247,8418,3792
DATA,1033,606,3,248,8432,3798
DATA,1036,607,3,251,8447,3806
DATA,1037,608,3,250,8456,3812
DATA,1038,609,-1,249,8466,3816
DATA,1041,610,-1,252,8480,3824
DATA,1043,611,-1,253,8492,3832
DATA,1045,612,3,254,8505,3838
DATA,1047,613,-1,255,8516,3844
DATA,1051,614,3,258,8526,3854
DATA,1054,615,3,261,8536,3862
DATA,1055,616,3,262,8543,3868
DATA,1056,617,-1,261,8553,3872
DATA,1060,618,3,264,8563,3882
DATA,1063,619,3,267,8573,3890
DATA,1064,620,3,268,8585,3896
DATA,1065,621,-1,267,8598,3902
DATA,1066,622,3,266,8610,3906
DATA,1067,623,3,265,8618,3912
DATA,1068,624,-1,264,8638,3916
DATA,1070,625,-1,265,8651,3924
DATA,1072,626,3,266,8666,3930
DATA,1074,627,-1,267,8677,3936
DATA,1078,628,3,270,8687,3946
DATA,1081,629,3,273,8697,3954
DATA,1082,630,3,274,8704,3960
DATA,1083,631,-1,273,8714,3964
DATA,1087,632,3,276,8724,3974
DATA,1090,633,3,279,8734,3982
DATA,1091,634,3,280,8746,3988
DATA,1092,635,-1,279,8759,3994
DATA,1093,636,3,278,8773,3998
DATA,1094,637,3,277,8789,4004
DATA,1095,638,-1,276,8812,4010
DATA,1096,639,3,275,8824,4016
DATA,1097,640,-1,274,8836,4020
DATA,1099,641,3,275,8860,4026
DATA,1100,642,3,274,8875,4032
DATA,1101,643,-1,273,8894,4038
DATA,1102,644,3,272,8913,4042
DATA,1103,645,3,271,8930,4048
DATA,1104,646,-1,270,8957,4054
DATA,1105,647,3,269,8970,4060
DATA,1106,648,-1,268,8991,4064
DATA,1107,649,-1,267,8998,4070
DATA,1108,650,3,266,9024,4074
DATA,1109,651,3,265,9032,4080
DATA,1110,652,-1,264,9055,4084
DATA,1112,653,-1,265,9070,4092
DATA,1114,654,3,266,9085,4098
DATA,1117,655,3,269,9101,4106
DATA,1118,656,3,268,9119,4112
DATA,1119,657,-1,267,9132,4118
DATA,1120,658,3,266,9151,4122
DATA,1121,659,3,265,9168,4128
DATA,1122,660,-1,264,9192,4134
DATA,1123,661,3,263,9205,4140
DATA,1124,662,-1,262,9218,4144
DATA,1126,663,3,263,9243,4150
DATA,1127,664,3,262,9260,4156
DATA,1128,665,-1,261,9279,4162
DATA,1129,666,3,260,9299,4166
DATA,1130,667,3,259,9316,4172
DATA,1131,668,-1,258,9343,4178
DATA,1132,669,3,257,9356,4184
DATA,1133,670,-1,256,9378,4188
DATA,1134,671,-1,255,9388,4194
DATA,1135,672,3,254,9415,4198
DATA,1136,673,3,253,9423,4204
DATA,1137,674,-1,252,9449,4208
DATA,1139,675,-1,253,9474,4216
DATA,1140,676,-1,252,9489,4222
DATA,1141,677,3,251,9510,4228
DATA,1142,678,-1,250,9520,4232
DATA,1144,679,3,251,9545,4238
DATA,1145,680,3,250,9563,4244
DATA,1146,681,-1,249,9581,4250
DATA,1147,682,3,248,9599,4254
DATA,1148,683,3,247,9607,4260
DATA,1149,684,-1,246,9631,4264
DATA,1151,685,-1,247,9654,4272
DATA,1152,686,-1,246,9661,4278
DATA,1153,687,3,245,9678,4282
DATA,1155,688,-1,246,9696,4288
DATA,1157,689,-1,247,9710,4296
DATA,1159,690,3,248,9724,4302
DATA,1162,691,3,251,9739,4310
DATA,1163,692,3,250,9748,4316
DATA,1164,693,-1,249,9758,4320
DATA,1168,694,3,252,9768,4330
DATA,1171,695,3,255,9778,4338
DATA,1172,696,3,256,9792,4344
DATA,1173,697,-1,255,9805,4350
DATA,1174,698,3,254,9823,4354
DATA,1175,699,3,253,9840,4360
DATA,1176,700,-1,252,9864,4366
DATA,1177,701,3,251,9877,4372
DATA,1178,702,-1,250,9889,4376
DATA,1180,703,3,251,9914,4382
DATA,1181,704,3,250,9931,4388
DATA,1182,705,-1,249,9950,4394
DATA,1183,706,3,248,9970,4398
DATA,1184,707,3,247,9987,4404
DATA,1185,708,-1,246,10014,4410
DATA,1186,709,3,245,10027,4416
DATA,1187,710,-1,244,10048,4420
DATA,1188,711,-1,243,10055,4426
DATA,1189,712,3,242,10081,4430
DATA,1190,713,3,241,10089,4436
DATA,1191,714,-1,240,10112,4440
DATA,1193,715,-1,241,10127,4448
DATA,1195,716,3,242,10142,4454
DATA,1198,717,3,245,10158,4462
DATA,1199,718,3,244,10176,4468
DATA,1200,719,-1,243,10189,4474
DATA,1201,720,3,242,10208,4478
DATA,1202,721,3,241,10225,4484
DATA,1203,722,-1,240,10249,4490
DATA,1204,723,3,239,10262,4496
DATA,1205,724,-1,238,10275,4500
DATA,1207,725,3,239,10300,4506
DATA,1208,726,3,238,10317,4512
DATA,1209,727,-1,237,10336,4518
DATA,1210,728,3,236,10353,4522
DATA,1211,729,3,235,10361,4528
DATA,1212,730,-1,234,10385,4532
DATA,1214,731,-1,235,10409,4540
DATA,1215,732,-1,234,10419,4546
DATA,1216,733,3,233,10437,4550
DATA,1218,734,-1,234,10458,4556
DATA,1220,735,-1,235,10482,4564
DATA,1221,736,-1,234,10497,4570
DATA,1222,737,3,233,10517,4576
DATA,1223,738,-1,232,10528,4580
DATA,1225,739,3,233,10552,4586
DATA,1226,740,3,232,10561,4592
DATA,1227,741,-1,231,10576,4596
DATA,1230,742,-1,234,10594,4604
DATA,1232,743,-1,235,10616,4612
DATA,1233,744,-1,234,10626,4618
DATA,1234,745,3,233,10642,4622
DATA,1236,746,-1,234,10663,4628
DATA,1238,747,-1,235,10687,4636
DATA,1239,748,-1,234,10705,4642
DATA,1240,749,3,233,10726,4648
DATA,1241,750,-1,232,10745,4652
DATA,1242,751,-1,231,10752,4658
DATA,1243,752,3,230,10778,4662
DATA,1244,753,3,229,10787,4668
DATA,1245,754,-1,228,10809,4672
DATA,1247,755,-1,229,10824,4680
DATA,1249,756,3,230,10839,4686
DATA,1252,757,3,233,10855,4694
DATA,1253,758,3,232,10873,4700
DATA,1254,759,-1,231,10886,4706
DATA,1255,760,3,230,10903,4710
DATA,1256,761,3,229,10911,4716
DATA,1257,762,-1,228,10932,4720
DATA,1259,763,-1,229,10946,4728
DATA,1261,764,3,230,10961,4734
DATA,1263,765,-1,231,10972,4740
DATA,1266,766,-1,234,10985,4748
DATA,1268,767,-1,235,11003,4756
DATA,1269,768,-1,234,11013,4762
DATA,1270,769,3,233,11027,4766
DATA,1272,770,-1,234,11047,4772
DATA,1274,771,-1,235,11071,4780
DATA,1275,772,-1,234,11086,4786
DATA,1276,773,3,233,11106,4792
DATA,1277,774,-1,232,11116,4796
DATA,1279,775,3,233,11140,4802
DATA,1280,776,3,232,11149,4808
DATA,1281,777,-1,231,11164,4812
DATA,1284,778,-1,234,11182,4820
DATA,1286,779,-1,235,11203,4828
DATA,1287,780,-1,234,11210,4834
DATA,1288,781,3,233,11225,4838
DATA,1290,782,-1,234,11243,4844
DATA,1292,783,-1,235,11257,4852
DATA,1294,784,3,236,11271,4858
DATA,1297,785,3,239,11286,4866
DATA,1298,786,3,238,11295,4872
DATA,1299,787,-1,237,11305,4876
DATA,1303,788,3,240,11315,4886
DATA,1306,789,3,243,11325,4894
DATA,1307,790,3,244,11339,4900
DATA,1308,791,-1,243,11352,4906
DATA,1309,792,3,242,11368,4910
DATA,1310,793,3,241,11376,4916
DATA,1311,794,-1,240,11397,4920
DATA,1313,795,-1,241,11410,4928
DATA,1315,796,3,242,11425,4934
DATA,1317,797,-1,243,11436,4940
DATA,1321,798,3,246,11446,4950
DATA,1324,799,3,249,11456,4958
DATA,1325,800,3,250,11463,4964
DATA,1326,801,-1,249,11473,4968
DATA,1330,802,3,252,11483,4978
DATA,1333,803,3,255,11493,4986
DATA,1334,804,3,256,11505,4992
DATA,1335,805,-1,255,11518,4998
DATA,1336,806,3,254,11532,5002
DATA,1337,807,3,253,11549,5008
DATA,1338,808,-1,252,11572,5014
DATA,1339,809,3,251,11585,5020
DATA,1340,810,-1,250,11597,5024
DATA,1342,811,3,251,11622,5030
DATA,1343,812,3,250,11639,5036
DATA,1344,813,-1,249,11658,5042
DATA,1345,814,3,248,11675,5046
DATA,1346,815,3,247,11683,5052
DATA,1347,816,-1,246,11707,5056
DATA,1349,817,-1,247,11730,5064
DATA,1350,818,-1,246,11737,5070
DATA,1351,819,3,245,11754,5074
DATA,1353,820,-1,246,11772,5080
DATA,1355,821,-1,247,11786,5088
DATA,1357,822,3,248,11800,5094
DATA,1360,823,3,251,11815,5102
DATA,1361,824,3,250,11824,5108
DATA,1362,825,-1,249,11834,5112
DATA,1365,826,-1,252,11848,5120
DATA,1367,827,-1,253,11860,5128
DATA,1369,828,3,254,11873,5134
DATA,1371,829,-1,255,11884,5140
DATA,1374,830,-1,258,11897,5148
DATA,1376,831,-1,259,11915,5156
DATA,1377,832,-1,258,11925,5162
DATA,1378,833,3,257,11939,5166
DATA,1380,834,-1,258,11959,5172
DATA,1382,835,-1,259,11983,5180
DATA,1383,836,-1,258,11998,5186
DATA,1384,837,3,257,12018,5192
DATA,1385,838,-1,256,12028,5196
DATA,1387,839,3,257,12052,5202
DATA,1388,840,3,256,12061,5208
DATA,1389,841,-1,255,12076,5212
DATA,1392,842,-1,258,12094,5220
DATA,1394,843,-1,259,12115,5228
DATA,1395,844,-1,258,12122,5234
DATA,1396,845,3,257,12137,5238
DATA,1398,846,-1,258,12155,5244
DATA,1400,847,-1,259,12169,5252
DATA,1402,848,3,260,12183,5258
DATA,1405,849,3,263,12198,5266
DATA,1406,850,3,262,12207,5272
DATA,1407,851,-1,261,12217,5276
DATA,1411,852,3,264,12227,5286
DATA,1414,853,3,267,12237,5294
DATA,1415,854,3,268,12251,5300
DATA,1416,855,-1,267,12264,5306
DATA,1417,856,3,266,12280,5310
DATA,1418,857,3,265,12288,5316
DATA,1419,858,-1,264,12309,5320
DATA,1421,859,-1,265,12322,5328
DATA,1423,860,3,266,12337,5334
DATA,1425,861,-1,267,12348,5340
DATA,1428,862,-1,270,12361,5348
DATA,1430,863,-1,271,12378,5356
DATA,1431,864,-1,270,12385,5362
DATA,1432,865,3,269,12398,5366
DATA,1434,866,-1,270,12415,5372
DATA,1436,867,-1,271,12429,5380
DATA,1438,868,3,272,12443,5386
DATA,1441,869,3,275,12458,5394
DATA,1442,870,3,274,12467,5400
DATA,1443,871,-1,273,12477,5404
DATA,1446,872,-1,276,12491,5412
DATA,1448,873,-1,277,12503,5420
DATA,1450,874,3,278,12516,5426
DATA,1452,875,-1,279,12527,5432
DATA,1455,876,-1,282,12540,5440
DATA,1457,877,-1,283,12558,5448
DATA,1458,878,-1,282,12568,5454
DATA,1459,879,3,281,12582,5458
DATA,1461,880,-1,282,12602,5464
DATA,1463,881,-1,283,12626,5472
DATA,1464,882,-1,282,12641,5478
DATA,1465,883,3,281,12661,5484
DATA,1466,884,-1,280,12672,5488
DATA,1468,885,3,281,12696,5494
DATA,1469,886,3,280,12705,5500
DATA,1470,887,-1,279,12720,5504
DATA,1473,888,-1,282,12738,5512
DATA,1475,889,-1,283,12760,5520
DATA,1476,890,-1,282,12770,5526
DATA,1477,891,3,281,12786,5530
DATA,1479,892,-1,282,12807,5536
DATA,1481,893,-1,283,12831,5544
DATA,1482,894,-1,282,12849,5550
DATA,1483,895,3,281,12870,5556
DATA,1484,896,-1,280,12889,5560
DATA,1485,897,-1,279,12896,5566
DATA,1486,898,3,278,12922,5570
DATA,1487,899,3,277,12931,5576
DATA,1488,900,-1,276,12953,5580
DATA,1490,901,-1,277,12968,5588
DATA,1492,902,3,278,12983,5594
DATA,1495,903,3,281,12999,5602
DATA,1496,904,3,280,13017,5608
DATA,1497,905,-1,279,13030,5614
DATA,1498,906,3,278,13047,5618
DATA,1499,907,3,277,13055,5624
DATA,1500,908,-1,276,13076,5628
DATA,1502,909,-1,277,13090,5636
DATA,1504,910,3,278,13105,5642
DATA,1506,911,-1,279,13116,5648
DATA,1509,912,-1,282,13129,5656
DATA,1511,913,-1,283,13147,5664
DATA,1512,914,-1,282,13157,5670
DATA,1513,915,3,281,13171,5674
DATA,1515,916,-1,282,13191,5680
DATA,1517,917,-1,283,13215,5688
DATA,1518,918,-1,282,13230,5694
DATA,1519,919,3,281,13250,5700
DATA,1520,920,-1,280,13261,5704
DATA,1522,921,3,281,13285,5710
DATA,1523,922,3,280,13294,5716
DATA,1524,923,-1,279,13309,5720
DATA,1527,924,-1,282,13327,5728
DATA,1529,925,-1,283,13349,5736
DATA,1530,926,-1,282,13359,5742
DATA,1531,927,3,281,13375,5746
DATA,1533,928,-1,282,13396,5752
DATA,1535,929,-1,283,13420,5760
DATA,1536,930,-1,282,13438,5766
DATA,1537,931,3,281,13459,5772
DATA,1538,932,-1,280,13479,5776
DATA,1539,933,-1,279,13489,5782
DATA,1540,934,3,278,13516,5786
DATA,1541,935,3,277,13525,5792
DATA,1542,936,-1,276,13550,5796
DATA,1544,937,-1,277,13575,5804
DATA,1545,938,-1,276,13590,5810
DATA,1546,939,3,275,13611,5816
DATA,1547,940,-1,274,13621,5820
DATA,1549,941,3,275,13646,5826
DATA,1550,942,3,274,13664,5832
DATA,1551,943,-1,273,13682,5838
DATA,1552,944,3,272,13700,5842
DATA,1553,945,3,271,13708,5848
DATA,1554,946,-1,270,13732,5852
DATA,1556,947,-1,271,13755,5860
DATA,1557,948,-1,270,13762,5866
DATA,1558,949,3,269,13779,5870
DATA,1560,950,-1,270,13797,5876
DATA,1562,951,-1,271,13811,5884
DATA,1564,952,3,272,13825,5890
DATA,1567,953,3,275,13840,5898
DATA,1568,954,3,274,13849,5904
DATA,1569,955,-1,273,13859,5908
DATA,1573,956,3,276,13869,5918
DATA,1576,957,3,279,13879,5926
DATA,1577,958,3,280,13893,5932
DATA,1578,959,-1,279,13906,5938
DATA,1579,960,3,278,13924,5942
DATA,1580,961,3,277,13941,5948
DATA,1581,962,-1,276,13965,5954
DATA,1582,963,3,275,13978,5960
DATA,1583,964,-1,274,13990,5964
DATA,1585,965,3,275,14015,5970
DATA,1586,966,3,274,14032,5976
DATA,1587,967,-1,273,14051,5982
DATA,1588,968,3,272,14068,5986
DATA,1589,969,3,271,14076,5992
DATA,1590,970,-1,270,14100,5996
DATA,1592,971,-1,271,14123,6004
DATA,1593,972,-1,270,14130,6010
DATA,1594,973,3,269,14147,6014
DATA,1596,974,-1,270,14165,6020
DATA,1598,975,-1,271,14179,6028
DATA,1600,976,3,272,14193,6034
DATA,1603,977,3,275,14208,6042
DATA,1604,978,3,274,14217,6048
DATA,1605,979,-1,273,14227,6052
DATA,1608,980,-1,276,14241,6060
DATA,1610,981,-1,277,14253,6068
DATA,1612,982,3,278,14266,6074
DATA,1614,983,-1,279,14277,6080
DATA,1617,984,-1,282,14290,6088
DATA,1619,985,-1,283,14308,6096
DATA,1620,986,-1,282,14318,6102
DATA,1621,987,3,281,14332,6106
DATA,1623,988,-1,282,14352,6112
DATA,1625,989,-1,283,14376,6120
DATA,1626,990,-1,282,14391,6126
DATA,1627,991,3,281,14411,6132
DATA,1628,992,-1,280,14422,6136
DATA,1630,993,3,281,14446,6142
DATA,1631,994,3,280,14455,6148
DATA,1632,995,-1,279,14470,6152
DATA,1635,996,-1,282,14488,6160
DATA,1637,997,-1,283,14510,6168
DATA,1638,998,-1,282,14520,6174
DATA,1639,999,3,281,14536,6178
DATA,1641,1000,-1,282,14557,6184
DATA,1643,1001,-1,283,14581,6192
DATA,1644,1002,-1,282,14599,6198
DATA,1645,1003,3,281,14620,6204
DATA,1646,1004,-1,280,14639,6208
DATA,1647,1005,-1,279,14646,6214
DATA,1648,1006,3,278,14672,6218
DATA,1649,1007,3,277,14681,6224
DATA,1650,1008,-1,276,14703,6228
DATA,1652,1009,-1,277,14718,6236
DATA,1654,1010,3,278,14733,6242
DATA,1657,1011,3,281,14749,6250
DATA,1658,1012,3,280,14767,6256
DATA,1659,1013,-1,279,14780,6262
DATA,1660,1014,3,278,14797,6266
DATA,1661,1015,3,277,14805,6272
DATA,1662,1016,-1,276,14826,6276
DATA,1664,1017,-1,277,14840,6284
DATA,1666,1018,3,278,14855,6290
DATA,1668,1019,-1,279,14866,6296
DATA,1671,1020,-1,282,14879,6304
DATA,1673,1021,-1,283,14897,6312
DATA,1674,1022,-1,282,14907,6318
DATA,1675,1023,3,281,14921,6322
DATA,1677,1024,-1,282,14941,6328
DATA,1679,1025,-1,283,14965,6336
DATA,1680,1026,-1,282,14980,6342
DATA,1681,1027,3,281,15000,6348
DATA,1682,1028,-1,280,15010,6352
DATA,1684,1029,3,281,15034,6358
DATA,1685,1030,3,280,15043,6364
DATA,1686,1031,-1,279,15058,6368
DATA,1689,1032,-1,282,15076,6376
DATA,1691,1033,-1,283,15097,6384
DATA,1692,1034,-1,282,15104,6390
DATA,1693,1035,3,281,15119,6394
DATA,1695,1036,-1,282,15137,6400
DATA,1697,1037,-1,283,15151,6408
DATA,1699,1038,3,284,15165,6414
DATA,1702,1039,3,287,15180,6422
DATA,1703,1040,3,286,15189,6428
DATA,1704,1041,-1,285,15199,6432
DATA,1708,1042,3,288,15209,6442
DATA,1711,1043,3,291,15219,6450
DATA,1712,1044,3,292,15233,6456
DATA,1713,1045,-1,291,15246,6462
DATA,1714,1046,3,290,15262,6466
DATA,1715,1047,3,289,15270,6472
DATA,1716,1048,-1,288,15291,6476
DATA,1718,1049,-1,289,15304,6484
DATA,1720,1050,3,290,15319,6490
DATA,1722,1051,-1,291,15330,6496
DATA,1726,1052,3,294,15340,6506
DATA,1729,1053,3,297,15350,6514
DATA,1730,1054,3,298,15357,6520
DATA,1731,1055,-1,297,15367,6524
DATA,1735,1056,3,300,15377,6534
DATA,1738,1057,3,303,15387,6542
DATA,1739,1058,3,304,15399,6548
DATA,1740,1059,-1,303,15412,6554
DATA,1741,1060,3,302,15426,6558
DATA,1742,1061,3,301,15443,6564
DATA,1743,1062,-1,300,15466,6570
DATA,1744,1063,3,299,15479,6576
DATA,1745,1064,-1,298,15491,6580
DATA,1747,1065,3,299,15516,6586
DATA,1748,1066,3,298,15533,6592
DATA,1749,1067,-1,297,15552,6598
DATA,1750,1068,3,296,15569,6602
DATA,1751,1069,3,295,15577,6608
DATA,1752,1070,-1,294,15601,6612
DATA,1754,1071,-1,295,15624,6620
DATA,1755,1072,-1,294,15631,6626
DATA,1756,1073,3,293,15648,6630
DATA,1758,1074,-1,294,15666,6636
DATA,1760,1075,-1,295,15680,6644
DATA,1762,1076,3,296,15694,6650
DATA,1765,1077,3,299,15709,6658
DATA,1766,1078,3,298,15718,6664
DATA,1767,1079,-1,297,15728,6668
DATA,1770,1080,-1,300,15742,6676
DATA,1772,1081,-1,301,15754,6684
DATA,1774,1082,3,302,15767,6690
DATA,1776,1083,-1,303,15778,6696
DATA,1780,1084,3,306,15788,6706
DATA,1783,1085,3,309,15798,6714
DATA,1784,1086,3,310,15805,6720
DATA,1785,1087,-1,309,15815,6724
DATA,1789,1088,3,312,15825,6734
DATA,1792,1089,3,315,15835,6742
DATA,1793,1090,3,316,15847,6748
DATA,1794,1091,-1,315,15860,6754
DATA,1795,1092,3,314,15872,6758
DATA,1796,1093,3,313,15880,6764
DATA,1797,1094,-1,312,15900,6768
DATA,1799,1095,-1,313,15913,6776
DATA,1801,1096,3,314,15928,6782
DATA,1803,1097,-1,315,15939,6788
DATA,1807,1098,3,318,15949,6798
DATA,1810,1099,3,321,15959,6806
DATA,1811,1100,3,322,15966,6812
DATA,1812,1101,-1,321,15976,6816
DATA,1816,1102,3,324,15986,6826
DATA,1819,1103,3,327,15996,6834
DATA,1820,1104,3,328,16008,6840
DATA,1821,1105,-1,327,16021,6846
DATA,1822,1106,3,326,16035,6850
DATA,1823,1107,3,325,16051,6856
DATA,1824,1108,-1,324,16074,6862
DATA,1825,1109,3,323,16086,6868
DATA,1826,1110,-1,322,16098,6872
DATA,1828,1111,3,323,16122,6878
DATA,1829,1112,3,322,16137,6884
DATA,1830,1113,-1,321,16156,6890
DATA,1831,1114,3,320,16175,6894
DATA,1832,1115,3,319,16192,6900
DATA,1833,1116,-1,318,16219,6906
DATA,1834,1117,3,317,16232,6912
DATA,1835,1118,-1,316,16253,6916
DATA,1836,1119,-1,315,16260,6922
DATA,1837,1120,3,314,16286,6926
DATA,1838,1121,3,313,16294,6932
DATA,1839,1122,-1,312,16317,6936
DATA,1841,1123,-1,313,16332,6944
DATA,1843,1124,3,314,16347,6950
DATA,1846,1125,3,317,16363,6958
DATA,1847,1126,3,316,16381,6964
DATA,1848,1127,-1,315,16394,6970
DATA,1849,1128,3,314,16413,6974
DATA,1850,1129,3,313,16430,6980
DATA,1851,1130,-1,312,16454,6986
DATA,1852,1131,3,311,16467,6992
DATA,1853,1132,-1,310,16480,6996
DATA,1855,1133,3,311,16505,7002
DATA,1856,1134,3,310,16522,7008
DATA,1857,1135,-1,309,16541,7014
DATA,1858,1136,3,308,16558,7018
DATA,1859,1137,3,307,16566,7024
DATA,1860,1138,-1,306,16590,7028
DATA,1862,1139,-1,307,16614,7036
DATA,1863,1140,-1,306,16624,7042
DATA,1864,1141,3,305,16642,7046
DATA,1866,1142,-1,306,16663,7052
DATA,1868,1143,-1,307,16687,7060
DATA,1869,1144,-1,306,16702,7066
DATA,1870,1145,3,305,16722,7072
DATA,1871,1146,-1,304,16732,7076
DATA,1873,1147,3,305,16756,7082
DATA,1874,1148,3,304,16765,7088
DATA,1875,1149,-1,303,16780,7092
DATA,1878,1150,-1,306,16798,7100
DATA,1880,1151,-1,307,16819,7108
DATA,1881,1152,-1,306,16826,7114
DATA,1882,1153,3,305,16841,7118
DATA,1884,1154,-1,306,16859,7124
DATA,1886,1155,-1,307,16873,7132
DATA,1888,1156,3,308,16887,7138
DATA,1891,1157,3,311,16902,7146
DATA,1892,1158,3,310,16911,7152
DATA,1893,1159,-1,309,16921,7156
DATA,1897,1160,3,312,16931,7166
DATA,1900,1161,3,315,16941,7174
DATA,1901,1162,3,316,16955,7180
DATA,1902,1163,-1,315,16968,7186
DATA,1903,1164,3,314,16984,7190
DATA,1904,1165,3,313,16992,7196
DATA,1905,1166,-1,312,17013,7200
DATA,1907,1167,-1,313,17026,7208
DATA,1909,1168,3,314,17041,7214
DATA,1911,1169,-1,315,17052,7220
DATA,1914,1170,-1,318,17065,7228
DATA,1916,1171,-1,319,17082,7236
DATA,1917,1172,-1,318,17089,7242
DATA,1918,1173,3,317,17102,7246
DATA,1920,1174,-1,318,17119,7252
DATA,1922,1175,-1,319,17133,7260
DATA,1924,1176,3,320,17147,7266
DATA,1927,1177,3,323,17162,7274
DATA,1928,1178,3,322,17171,7280
DATA,1929,1179,-1,321,17181,7284
DATA,1932,1180,-1,324,17195,7292
DATA,1934,1181,-1,325,17207,7300
DATA,1936,1182,3,326,17220,7306
DATA,1938,1183,-1,327,17231,7312
DATA,1941,1184,-1,330,17244,7320
DATA,1943,1185,-1,331,17262,7328
DATA,1944,1186,-1,330,17272,7334
DATA,1945,1187,3,329,17286,7338
DATA,1947,1188,-1,330,17306,7344
DATA,1949,1189,-1,331,17330,7352
DATA,1950,1190,-1,330,17345,7358
DATA,1951,1191,3,329,17365,7364
DATA,1952,1192,-1,328,17376,7368
DATA,1954,1193,3,329,17400,7374
DATA,1955,1194,3,328,17409,7380
DATA,1956,1195,-1,327,17424,7384
DATA,1959,1196,-1,330,17442,7392
DATA,1961,1197,-1,331,17464,7400
DATA,1962,1198,-1,330,17474,7406
DATA,1963,1199,3,329,17490,7410
DATA,1965,1200,-1,330,17511,7416
DATA,1967,1201,-1,331,17535,7424
DATA,1968,1202,-1,330,17553,7430
DATA,1969,1203,3,329,17574,7436
DATA,1970,1204,-1,328,17593,7440
DATA,1971,1205,-1,327,17600,7446
DATA,1972,1206,3,326,17626,7450
DATA,1973,1207,3,325,17635,7456
DATA,1974,1208,-1,324,17657,7460
DATA,1976,1209,-1,325,17672,7468
DATA,1978,1210,3,326,17687,7474
DATA,1981,1211,3,329,17703,7482
DATA,1982,1212,3,328,17721,7488
DATA,1983,1213,-1,327,17734,7494
DATA,1984,1214,3,326,17751,7498
DATA,1985,1215,3,325,17759,7504
DATA,1986,1216,-1,324,17780,7508
DATA,1988,1217,-1,325,17794,7516
DATA,1990,1218,3,326,17809,7522
DATA,1992,1219,-1,327,17820,7528
DATA,1995,1220,-1,330,17833,7536
DATA,1997,1221,-1,331,17851,7544
DATA,1998,1222,-1,330,17861,7550
DATA,1999,1223,3,329,17875,7554
DATA,2001,1224,-1,330,17895,7560
DATA,2003,1225,-1,331,17919,7568
DATA,2004,1226,-1,330,17934,7574
DATA,2005,1227,3,329,17954,7580
DATA,2006,1228,-1,328,17964,7584
DATA,2008,1229,3,329,17988,7590
DATA,2009,1230,3,328,17997,7596
DATA,2010,1231,-1,327,18012,7600
DATA,2013,1232,-1,330,18030,7608
DATA,2015,1233,-1,331,18051,7616
DATA,2016,1234,-1,330,18058,7622
DATA,2017,1235,3,329,18073,7626
DATA,2019,1236,-1,330,18091,7632
DATA,2021,1237,-1,331,18105,7640
DATA,2023,1238,3,332,18119,7646
DATA,2026,1239,3,335,18134,7654
DATA,2027,1240,3,334,18143,7660
DATA,2028,1241,-1,333,18153,7664
DATA,2032,1242,3,336,18163,7674
DATA,2035,1243,3,339,18173,7682
DATA,2036,1244,3,340,18187,7688
DATA,2037,1245,-1,339,18200,7694
DATA,2038,1246,3,338,18216,7698
DATA,2039,1247,3,337,18224,7704
DATA,2040,1248,-1,336,18245,7708
DATA,2042,1249,-1,337,18258,7716
DATA,2044,1250,3,338,18273,7722
DATA,2046,1251,-1,339,18284,7728
DATA,2050,1252,3,342,18294,7738
DATA,2053,1253,3,345,18304,7746
DATA,2054,1254,3,346,18311,7752
DATA,2055,1255,-1,345,18321,7756
DATA,2059,1256,3,348,18331,7766
DATA,2062,1257,3,351,18341,7774
DATA,2063,1258,3,352,18353,7780
DATA,2064,1259,-1,351,18366,7786
DATA,2065,1260,3,350,18380,7790
DATA,2066,1261,3,349,18397,7796
DATA,2067,1262,-1,348,18420,7802
DATA,2068,1263,3,347,18433,7808
DATA,2069,1264,-1,346,18445,7812
DATA,2071,1265,3,347,18470,7818
DATA,2072,1266,3,346,18487,7824
DATA,2073,1267,-1,345,18506,7830
DATA,2074,1268,3,344,18523,7834
DATA,2075,1269,3,343,18531,7840
DATA,2076,1270,-1,342,18555,7844
DATA,2078,1271,-1,343,18578,7852
DATA,2079,1272,-1,342,18585,7858
DATA,2080,1273,3,341,18602,7862
DATA,2082,1274,-1,342,18620,7868
DATA,2084,1275,-1,343,18634,7876
DATA,2086,1276,3,344,18648,7882
DATA,2089,1277,3,347,18663,7890
DATA,2090,1278,3,346,18672,7896
DATA,2091,1279,-1,345,18682,7900
DATA,2094,1280,-1,348,18696,7908
DATA,2096,1281,-1,349,18708,7916
DATA,2098,1282,3,350,18721,7922
DATA,2100,1283,-1,351,18732,7928
DATA,2103,1284,-1,354,18745,7936
DATA,2105,1285,-1,355,18763,7944
DATA,2106,1286,-1,354,18773,7950
DATA,2107,1287,3,353,18787,7954
DATA,2109,1288,-1,354,18807,7960
DATA,2111,1289,-1,355,18831,7968
DATA,2112,1290,-1,354,18846,7974
DATA,2113,1291,3,353,18866,7980
DATA,2114,1292,-1,352,18876,7984
DATA,2116,1293,3,353,18900,7990
DATA,2117,1294,3,352,18909,7996
DATA,2118,1295,-1,351,18924,8000
DATA,2121,1296,-1,354,18942,8008
DATA,2123,1297,-1,355,18963,8016
DATA,2124,1298,-1,354,18970,8022
DATA,2125,1299,3,353,18985,8026
DATA,2127,1300,-1,354,19003,8032
DATA,2129,1301,-1,355,19017,8040
DATA,2131,1302,3,356,19031,8046
DATA,2134,1303,3,359,19046,8054
DATA,2135,1304,3,358,19055,8060
DATA,2136,1305,-1,357,19065,8064
DATA,2140,1306,3,360,19075,8074
DATA,2143,1307,3,363,19085,8082
DATA,2144,1308,3,364,19099,8088
DATA,2145,1309,-1,363,19112,8094
DATA,2146,1310,3,362,19128,8098
DATA,2147,1311,3,361,19136,8104
DATA,2148,1312,-1,360,19157,8108
DATA,2150,1313,-1,361,19170,8116
DATA,2152,1314,3,362,19185,8122
DATA,2154,1315,-1,363,19196,8128
DATA,2157,1316,-1,366,19209,8136
DATA,2159,1317,-1,367,19226,8144
DATA,2160,1318,-1,366,19233,8150
DATA,2161,1319,3,365,19246,8154
DATA,2163,1320,-1,366,19263,8160
DATA,2165,1321,-1,367,19277,8168
DATA,2167,1322,3,368,19291,8174
DATA,2170,1323,3,371,19306,8182
DATA,2171,1324,3,370,19315,8188
DATA,2172,1325,-1,369,19325,8192
DATA,2175,1326,-1,372,19339,8200
DATA,2177,1327,-1,373,19351,8208
DATA,2179,1328,3,374,19364,8214
DATA,2181,1329,-1,375,19375,8220
DATA,2185,1330,3,378,19385,8230
DATA,2188,1331,3,381,19395,8238
DATA,2189,1332,3,382,19402,8244
DATA,2190,1333,-1,381,19412,8248
DATA,2194,1334,3,384,19422,8258
DATA,2197,1335,3,387,19432,8266
DATA,2198,1336,3,388,19444,8272
DATA,2199,1337,-1,387,19457,8278
DATA,2200,1338,3,386,19469,8282
DATA,2201,1339,3,385,19477,8288
DATA,2202,1340,-1,384,19497,8292
DATA,2204,1341,-1,385,19510,8300
DATA,2206,1342,3,386,19525,8306
DATA,2208,1343,-1,387,19536,8312
DATA,2212,1344,3,390,19546,8322
DATA,2215,1345,3,393,19556,8330
DATA,2216,1346,3,394,19563,8336
DATA,2217,1347,-1,393,19573,8340
DATA,2221,1348,3,396,19583,8350
DATA,2224,1349,3,399,19593,8358
DATA,2225,1350,3,400,19605,8364
DATA,2226,1351,-1,399,19618,8370
DATA,2227,1352,3,398,19632,8374
DATA,2228,1353,3,397,19648,8380
DATA,2229,1354,-1,396,19671,8386
DATA,2230,1355,3,395,19683,8392
DATA,2231,1356,-1,394,19695,8396
DATA,2233,1357,3,395,19719,8402
DATA,2234,1358,3,394,19734,8408
DATA,2235,1359,-1,393,19753,8414
DATA,2236,1360,3,392,19769,8418
DATA,2237,1361,3,391,19777,8424
DATA,2238,1362,-1,390,19801,8428
DATA,2240,1363,-1,391,19824,8436
DATA,2241,1364,-1,390,19831,8442
DATA,2242,1365,3,389,19848,8446
DATA,2244,1366,-1,390,19866,8452
DATA,2246,1367,-1,391,19880,8460
DATA,2248,1368,3,392,19894,8466
DATA,2251,1369,3,395,19909,8474
DATA,2252,1370,3,394,19918,8480
DATA,2253,1371,-1,393,19928,8484
DATA,2256,1372,-1,396,19942,8492
DATA,2258,1373,-1,397,19954,8500
DATA,2260,1374,3,398,19967,8506
DATA,2262,1375,-1,399,19978,8512
DATA,2266,1376,3,402,19988,8522
DATA,2269,1377,3,405,19998,8530
DATA,2270,1378,3,406,20005,8536
DATA,2271,1379,-1,405,20015,8540
DATA,2275,1380,3,408,20025,8550
DATA,2278,1381,3,411,20035,8558
DATA,2279,1382,3,412,20047,8564
DATA,2280,1383,-1,411,20060,8570
DATA,2281,1384,3,410,20072,8574
DATA,2282,1385,3,409,20080,8580
DATA,2283,1386,-1,408,20100,8584
DATA,2285,1387,-1,409,20113,8592
DATA,2287,1388,3,410,20128,8598
DATA,2289,1389,-1,411,20139,8604
DATA,2293,1390,3,414,20149,8614
DATA,2296,1391,3,417,20159,8622
DATA,2297,1392,3,418,20166,8628
DATA,2298,1393,-1,417,20176,8632
DATA,2302,1394,3,420,20186,8642
DATA,2305,1395,3,423,20196,8650
DATA,2306,1396,3,424,20208,8656
DATA,2307,1397,-1,423,20221,8662
DATA,2308,1398,3,422,20235,8666
DATA,2309,1399,3,421,20251,8672
DATA,2310,1400,-1,420,20274,8678
DATA,2311,1401,3,419,20286,8684
DATA,2312,1402,-1,418,20298,8688
DATA,2314,1403,3,419,20322,8694
DATA,2315,1404,3,418,20337,8700
DATA,2316,1405,-1,417,20356,8706
DATA,2317,1406,3,416,20375,8710
DATA,2318,1407,3,415,20392,8716
DATA,2319,1408,-1,414,20419,8722
DATA,2320,1409,3,413,20432,8728
DATA,2321,1410,-1,412,20453,8732
DATA,2322,1411,-1,411,20460,8738
DATA,2323,1412,3,410,20486,8742
DATA,2324,1413,3,409,20494,8748
DATA,2325,1414,-1,408,20517,8752
DATA,2327,1415,-1,409,20532,8760
DATA,2329,1416,3,410,20547,8766
DATA,2332,1417,3,413,20563,8774
DATA,2333,1418,3,412,20581,8780
DATA,2334,1419,-1,411,20594,8786
DATA,2335,1420,3,410,20613,8790
DATA,2336,1421,3,409,20630,8796
DATA,2337,1422,-1,408,20654,8802
DATA,2338,1423,3,407,20667,8808
DATA,2339,1424,-1,406,20680,8812
DATA,2341,1425,3,407,20705,8818
DATA,2342,1426,3,406,20722,8824
DATA,2343,1427,-1,405,20741,8830
DATA,2344,1428,3,404,20758,8834
DATA,2345,1429,3,403,20766,8840
DATA,2346,1430,-1,402,20790,8844
DATA,2348,1431,-1,403,20814,8852
DATA,2349,1432,-1,402,20824,8858
DATA,2350,1433,3,401,20842,8862
DATA,2352,1434,-1,402,20863,8868
DATA,2354,1435,-1,403,20887,8876
DATA,2355,1436,-1,402,20902,8882
DATA,2356,1437,3,401,20922,8888
DATA,2357,1438,-1,400,20932,8892
DATA,2359,1439,3,401,20956,8898
DATA,2360,1440,3,400,20965,8904
DATA,2361,1441,-1,399,20980,8908
DATA,2364,1442,-1,402,20998,8916
DATA,2366,1443,-1,403,21019,8924
DATA,2367,1444,-1,402,21026,8930
DATA,2368,1445,3,401,21041,8934
DATA,2370,1446,-1,402,21059,8940
DATA,2372,1447,-1,403,21073,8948
DATA,2374,1448,3,404,21087,8954
DATA,2377,1449,3,407,21102,8962
DATA,2378,1450,3,406,21111,8968
DATA,2379,1451,-1,405,21121,8972
DATA,2383,1452,3,408,21131,8982
DATA,2386,1453,3,411,21141,8990
DATA,2387,1454,3,412,21155,8996
DATA,2388,1455,-1,411,21168,9002
DATA,2389,1456,3,410,21184,9006
DATA,2390,1457,3,409,21192,9012
DATA,2391,1458,-1,408,21213,9016
DATA,2393,1459,-1,409,21226,9024
DATA,2395,1460,3,410,21241,9030
DATA,2397,1461,-1,411,21252,9036
DATA,2400,1462,-1,414,21265,9044
DATA,2402,1463,-1,415,21282,9052
DATA,2403,1464,-1,414,21289,9058
DATA,2404,1465,3,413,21302,9062
DATA,2406,1466,-1,414,21319,9068
DATA,2408,1467,-1,415,21333,9076
DATA,2410,1468,3,416,21347,9082
DATA,2413,1469,3,419,21362,9090
DATA,2414,1470,3,418,21371,9096
DATA,2415,1471,-1,417,21381,9100
DATA,2418,1472,-1,420,21395,9108
DATA,2420,1473,-1,421,21407,9116
DATA,2422,1474,3,422,21420,9122
DATA,2424,1475,-1,423,21431,9128
DATA,2428,1476,3,426,21441,9138
DATA,2431,1477,3,429,21451,9146
DATA,2432,1478,3,430,21458,9152
DATA,2433,1479,-1,429,21468,9156
DATA,2437,1480,3,432,21478,9166
DATA,2440,1481,3,435,21488,9174
DATA,2441,1482,3,436,21500,9180
DATA,2442,1483,-1,435,21513,9186
DATA,2443,1484,3,434,21525,9190
DATA,2444,1485,3,433,21533,9196
DATA,2445,1486,-1,432,21553,9200
DATA,2447,1487,-1,433,21566,9208
DATA,2449,1488,3,434,21581,9214
DATA,2451,1489,-1,435,21592,9220
DATA,2455,1490,3,438,21602,9230
DATA,2458,1491,3,441,21612,9238
DATA,2459,1492,3,442,21619,9244
DATA,2460,1493,-1,441,21629,9248
DATA,2464,1494,3,444,21639,9258
DATA,2467,1495,3,447,21649,9266
DATA,2468,1496,3,448,21661,9272
DATA,2469,1497,-1,447,21674,9278
DATA,2470,1498,3,446,21688,9282
DATA,2471,1499,3,445,21704,9288
DATA,2472,1500,-1,444,21727,9294
DATA,2473,1501,3,443,21739,9300
DATA,2474,1502,-1,442,21751,9304
DATA,2476,1503,3,443,21775,9310
DATA,2477,1504,3,442,21790,9316
DATA,2478,1505,-1,441,21809,9322
DATA,2479,1506,3,440,21825,9326
DATA,2480,1507,3,439,21833,9332
DATA,2481,1508,-1,438,21857,9336
DATA,2483,1509,-1,439,21880,9344
DATA,2484,1510,-1,438,21887,9350
DATA,2485,1511,3,437,21904,9354
DATA,2487,1512,-1,438,21922,9360
DATA,2489,1513,-1,439,21936,9368
DATA,2491,1514,3,440,21950,9374
DATA,2494,1515,3,443,21965,9382
DATA,2495,1516,3,442,21974,9388
DATA,2496,1517,-1,441,21984,9392
DATA,2499,1518,-1,444,21998,9400
DATA,2501,1519,-1,445,22010,9408
DATA,2503,1520,3,446,22023,9414
DATA,2505,1521,-1,447,22034,9420
DATA,2509,1522,3,450,22044,9430
DATA,2512,1523,3,453,22054,9438
DATA,2513,1524,3,454,22061,9444
DATA,2514,1525,-1,453,22071,9448
DATA,2518,1526,3,456,22081,9458
DATA,2521,1527,3,459,22091,9466
DATA,2522,1528,3,460,22103,9472
DATA,2523,1529,-1,459,22116,9478
DATA,2524,1530,3,458,22128,9482
DATA,2525,1531,3,457,22136,9488
DATA,2526,1532,-1,456,22156,9492
DATA,2528,1533,-1,457,22169,9500
DATA,2530,1534,3,458,22184,9506
DATA,2532,1535,-1,459,22195,9512
DATA,2536,1536,3,462,22205,9522
DATA,2539,1537,3,465,22215,9530
DATA,2540,1538,3,466,22222,9536
DATA,2541,1539,-1,465,22232,9540
DATA,2545,1540,3,468,22242,9550
DATA,2548,1541,3,471,22252,9558
DATA,2549,1542,3,472,22264,9564
DATA,2550,1543,-1,471,22277,9570
DATA,2551,1544,3,470,22291,9574
DATA,2552,1545,3,469,22307,9580
DATA,2553,1546,-1,468,22330,9586
DATA,2554,1547,3,467,22342,9592
DATA,2555,1548,-1,466,22354,9596
DATA,2557,1549,3,467,22378,9602
DATA,2558,1550,3,466,22393,9608
DATA,2559,1551,-1,465,22412,9614
DATA,2560,1552,3,464,22431,9618
DATA,2561,1553,3,463,22448,9624
DATA,2562,1554,-1,462,22475,9630
DATA,2563,1555,3,461,22488,9636
DATA,2564,1556,-1,460,22509,9640
DATA,2565,1557,-1,459,22516,9646
DATA,2566,1558,3,458,22542,9650
DATA,2567,1559,3,457,22550,9656
DATA,2568,1560,-1,456,22573,9660
DATA,2570,1561,-1,457,22588,9668
DATA,2572,1562,3,458,22603,9674
DATA,2575,1563,3,461,22619,9682
DATA,2576,1564,3,460,22637,9688
DATA,2577,1565,-1,459,22650,9694
DATA,2578,1566,3,458,22669,9698
DATA,2579,1567,3,457,22686,9704
DATA,2580,1568,-1,456,22710,9710
DATA,2581,1569,3,455,22723,9716
DATA,2582,1570,-1,454,22736,9720
DATA,2584,1571,3,455,22761,9726
DATA,2585,1572,3,454,22778,9732
DATA,2586,1573,-1,453,22797,9738
DATA,2587,1574,3,452,22817,9742
DATA,2588,1575,3,451,22834,9748
DATA,2589,1576,-1,450,22861,9754
DATA,2590,1577,3,449,22874,9760
DATA,2591,1578,-1,448,22896,9764
DATA,2592,1579,-1,447,22906,9770
DATA,2593,1580,3,446,22933,9774
DATA,2594,1581,3,445,22941,9780
DATA,2595,1582,-1,444,22967,9784
DATA,2597,1583,-1,445,22992,9792
DATA,2598,1584,-1,444,23007,9798
DATA,2599,1585,3,443,23028,9804
DATA,2600,1586,-1,442,23038,9808
DATA,2602,1587,3,443,23063,9814
DATA,2603,1588,3,442,23081,9820
DATA,2604,1589,-1,441,23099,9826
DATA,2605,1590,3,440,23117,9830
DATA,2606,1591,3,439,23125,9836
DATA,2607,1592,-1,438,23149,9840
DATA,2609,1593,-1,439,23172,9848
DATA,2610,1594,-1,438,23179,9854
DATA,2611,1595,3,437,23196,9858
DATA,2613,1596,-1,438,23214,9864
DATA,2615,1597,-1,439,23228,9872
DATA,2617,1598,3,440,23242,9878
DATA,2620,1599,3,443,23257,9886
DATA,2621,1600,3,442,23266,9892
DATA,2622,1601,-1,441,23276,9896
DATA,2626,1602,3,444,23286,9906
DATA,2629,1603,3,447,23296,9914
DATA,2630,1604,3,448,23310,9920
DATA,2631,1605,-1,447,23323,9926
DATA,2632,1606,3,446,23341,9930
DATA,2633,1607,3,445,23358,9936
DATA,2634,1608,-1,444,23382,9942
DATA,2635,1609,3,443,23395,9948
DATA,2636,1610,-1,442,23407,9952
DATA,2638,1611,3,443,23432,9958
DATA,2639,1612,3,442,23449,9964
DATA,2640,1613,-1,441,23468,9970
DATA,2641,1614,3,440,23488,9974
DATA,2642,1615,3,439,23505,9980
DATA,2643,1616,-1,438,23532,9986
DATA,2644,1617,3,437,23545,9992
DATA,2645,1618,-1,436,23566,9996
DATA,2646,1619,-1,435,23573,10002
DATA,2647,1620,3,434,23599,10006
DATA,2648,1621,3,433,23607,10012
DATA,2649,1622,-1,432,23630,10016
DATA,2651,1623,-1,433,23645,10024
DATA,2653,1624,3,434,23660,10030
DATA,2656,1625,3,437,23676,10038
DATA,2657,1626,3,436,23694,10044
DATA,2658,1627,-1,435,23707,10050
DATA,2659,1628,3,434,23726,10054
DATA,2660,1629,3,433,23743,10060
DATA,2661,1630,-1,432,23767,10066
DATA,2662,1631,3,431,23780,10072
DATA,2663,1632,-1,430,23793,10076
DATA,2665,1633,3,431,23818,10082
DATA,2666,1634,3,430,23835,10088
DATA,2667,1635,-1,429,23854,10094
DATA,2668,1636,3,428,23871,10098
DATA,2669,1637,3,427,23879,10104
DATA,2670,1638,-1,426,23903,10108
DATA,2672,1639,-1,427,23927,10116
DATA,2673,1640,-1,426,23937,10122
DATA,2674,1641,3,425,23955,10126
DATA,2676,1642,-1,426,23976,10132
DATA,2678,1643,-1,427,24000,10140
DATA,2679,1644,-1,426,24015,10146
DATA,2680,1645,3,425,24035,10152
DATA,2681,1646,-1,424,24046,10156
DATA,2683,1647,3,425,24070,10162
DATA,2684,1648,3,424,24079,10168
DATA,2685,1649,-1,423,24094,10172
DATA,2688,1650,-1,426,24112,10180
DATA,2690,1651,-1,427,24134,10188
DATA,2691,1652,-1,426,24144,10194
DATA,2692,1653,3,425,24160,10198
DATA,2694,1654,-1,426,24181,10204
DATA,2696,1655,-1,427,24205,10212
DATA,2697,1656,-1,426,24223,10218
DATA,2698,1657,3,425,24244,10224
DATA,2699,1658,-1,424,24263,10228
DATA,2700,1659,-1,423,24270,10234
DATA,2701,1660,3,422,24296,10238
DATA,2702,1661,3,421,24305,10244
DATA,2703,1662,-1,420,24327,10248
DATA,2705,1663,-1,421,24342,10256
DATA,2707,1664,3,422,24357,10262
DATA,2710,1665,3,425,24373,10270
DATA,2711,1666,3,424,24391,10276
DATA,2712,1667,-1,423,24404,10282
DATA,2713,1668,3,422,24421,10286
DATA,2714,1669,3,421,24429,10292
DATA,2715,1670,-1,420,24450,10296
DATA,2717,1671,-1,421,24464,10304
DATA,2719,1672,3,422,24479,10310
DATA,2721,1673,-1,423,24490,10316
DATA,2724,1674,-1,426,24503,10324
DATA,2726,1675,-1,427,24521,10332
DATA,2727,1676,-1,426,24531,10338
DATA,2728,1677,3,425,24545,10342
DATA,2730,1678,-1,426,24565,10348
DATA,2732,1679,-1,427,24589,10356
DATA,2733,1680,-1,426,24604,10362
DATA,2734,1681,3,425,24624,10368
DATA,2735,1682,-1,424,24634,10372
DATA,2737,1683,3,425,24658,10378
DATA,2738,1684,3,424,24667,10384
DATA,2739,1685,-1,423,24682,10388
DATA,2742,1686,-1,426,24700,10396
DATA,2744,1687,-1,427,24721,10404
DATA,2745,1688,-1,426,24728,10410
DATA,2746,1689,3,425,24743,10414
DATA,2748,1690,-1,426,24761,10420
DATA,2750,1691,-1,427,24775,10428
DATA,2752,1692,3,428,24789,10434
DATA,2755,1693,3,431,24804,10442
DATA,2756,1694,3,430,24813,10448
DATA,2757,1695,-1,429,24823,10452
DATA,2761,1696,3,432,24833,10462
DATA,2764,1697,3,435,24843,10470
DATA,2765,1698,3,436,24857,10476
DATA,2766,1699,-1,435,24870,10482
DATA,2767,1700,3,434,24886,10486
DATA,2768,1701,3,433,24894,10492
DATA,2769,1702,-1,432,24915,10496
DATA,2771,1703,-1,433,24928,10504
DATA,2773,1704,3,434,24943,10510
DATA,2775,1705,-1,435,24954,10516
DATA,2779,1706,3,438,24964,10526
DATA,2782,1707,3,441,24974,10534
DATA,2783,1708,3,442,24981,10540
DATA,2784,1709,-1,441,24991,10544
DATA,2788,1710,3,444,25001,10554
DATA,2791,1711,3,447,25011,10562
DATA,2792,1712,3,448,25023,10568
DATA,2793,1713,-1,447,25036,10574
DATA,2794,1714,3,446,25050,10578
DATA,2795,1715,3,445,25067,10584
DATA,2796,1716,-1,444,25090,10590
DATA,2797,1717,3,443,25103,10596
DATA,2798,1718,-1,442,25115,10600
DATA,2800,1719,3,443,25140,10606
DATA,2801,1720,3,442,25157,10612
DATA,2802,1721,-1,441,25176,10618
DATA,2803,1722,3,440,25193,10622
DATA,2804,1723,3,439,25201,10628
DATA,2805,1724,-1,438,25225,10632
DATA,2807,1725,-1,439,25248,10640
DATA,2808,1726,-1,438,25255,10646
DATA,2809,1727,3,437,25272,10650
DATA,2811,1728,-1,438,25290,10656
DATA,2813,1729,-1,439,25304,10664
DATA,2815,1730,3,440,25318,10670
DATA,2818,1731,3,443,25333,10678
DATA,2819,1732,3,442,25342,10684
DATA,2820,1733,-1,441,25352,10688
DATA,2823,1734,-1,444,25366,10696
DATA,2825,1735,-1,445,25378,10704
DATA,2827,1736,3,446,25391,10710
DATA,2829,1737,-1,447,25402,10716
DATA,2832,1738,-1,450,25415,10724
DATA,2834,1739,-1,451,25433,10732
DATA,2835,1740,-1,450,25443,10738
DATA,2836,1741,3,449,25457,10742
DATA,2838,1742,-1,450,25477,10748
DATA,2840,1743,-1,451,25501,10756
DATA,2841,1744,-1,450,25516,10762
DATA,2842,1745,3,449,25536,10768
DATA,2843,1746,-1,448,25546,10772
DATA,2845,1747,3,449,25570,10778
DATA,2846,1748,3,448,25579,10784
DATA,2847,1749,-1,447,25594,10788
DATA,2850,1750,-1,450,25612,10796
DATA,2852,1751,-1,451,25633,10804
DATA,2853,1752,-1,450,25640,10810
DATA,2854,1753,3,449,25655,10814
DATA,2856,1754,-1,450,25673,10820
DATA,2858,1755,-1,451,25687,10828
DATA,2860,1756,3,452,25701,10834
DATA,2863,1757,3,455,25716,10842
DATA,2864,1758,3,454,25725,10848
DATA,2865,1759,-1,453,25735,10852
DATA,2869,1760,3,456,25745,10862
DATA,2872,1761,3,459,25755,10870
DATA,2873,1762,3,460,25769,10876
DATA,2874,1763,-1,459,25782,10882
DATA,2875,1764,3,458,25798,10886
DATA,2876,1765,3,457,25806,10892
DATA,2877,1766,-1,456,25827,10896
DATA,2879,1767,-1,457,25840,10904
DATA,2881,1768,3,458,25855,10910
DATA,2883,1769,-1,459,25866,10916
DATA,2886,1770,-1,462,25879,10924
DATA,2888,1771,-1,463,25896,10932
DATA,2889,1772,-1,462,25903,10938
DATA,2890,1773,3,461,25916,10942
DATA,2892,1774,-1,462,25933,10948
DATA,2894,1775,-1,463,25947,10956
DATA,2896,1776,3,464,25961,10962
DATA,2899,1777,3,467,25976,10970
DATA,2900,1778,3,466,25985,10976
DATA,2901,1779,-1,465,25995,10980
DATA,2904,1780,-1,468,26009,10988
DATA,2906,1781,-1,469,26021,10996
DATA,2908,1782,3,470,26034,11002
DATA,2910,1783,-1,471,26045,11008
DATA,2914,1784,3,474,26055,11018
DATA,2917,1785,3,477,26065,11026
DATA,2918,1786,3,478,26072,11032
DATA,2919,1787,-1,477,26082,11036
DATA,2923,1788,3,480,26092,11046
DATA,2926,1789,3,483,26102,11054
DATA,2927,1790,3,484,26114,11060
DATA,2928,1791,-1,483,26127,11066
DATA,2929,1792,3,482,26139,11070
DATA,2930,1793,3,481,26147,11076
DATA,2931,1794,-1,480,26167,11080
DATA,2933,1795,-1,481,26180,11088
DATA,2935,1796,3,482,26195,11094
DATA,2937,1797,-1,483,26206,11100
DATA,2941,1798,3,486,26216,11110
DATA,2944,1799,3,489,26226,11118
DATA,2945,1800,3,490,26233,11124
DATA,2946,1801,-1,489,26243,11128
DATA,2950,1802,3,492,26253,11138
DATA,2953,1803,3,495,26263,11146
DATA,2954,1804,3,496,26275,11152
DATA,2955,1805,-1,495,26288,11158
DATA,2956,1806,3,494,26302,11162
DATA,2957,1807,3,493,26318,11168
DATA,2958,1808,-1,492,26341,11174
DATA,2959,1809,3,491,26353,11180
DATA,2960,1810,-1,490,26365,11184
DATA,2962,1811,3,491,26389,11190
DATA,2963,1812,3,490,26404,11196
DATA,2964,1813,-1,489,26423,11202
DATA,2965,1814,3,488,26439,11206
DATA,2966,1815,3,487,26447,11212
DATA,2967,1816,-1,486,26471,11216
DATA,2969,1817,-1,487,26494,11224
DATA,2970,1818,-1,486,26501,11230
DATA,2971,1819,3,485,26518,11234
DATA,2973,1820,-1,486,26536,11240
DATA,2975,1821,-1,487,26550,11248
DATA,2977,1822,3,488,26564,11254
DATA,2980,1823,3,491,26579,11262
DATA,2981,1824,3,490,26588,11268
DATA,2982,1825,-1,489,26598,11272
DATA,2985,1826,-1,492,26612,11280
DATA,2987,1827,-1,493,26624,11288
DATA,2989,1828,3,494,26637,11294
DATA,2991,1829,-1,495,26648,11300
DATA,2995,1830,3,498,26658,11310
DATA,2998,1831,3,501,26668,11318
DATA,2999,1832,3,502,26675,11324
DATA,3000,1833,-1,501,26685,11328
DATA,3004,1834,3,504,26695,11338
DATA,3007,1835,3,507,26705,11346
DATA,3008,1836,3,508,26717,11352
DATA,3009,1837,-1,507,26730,11358
DATA,3010,1838,3,506,26742,11362
DATA,3011,1839,3,505,26750,11368
DATA,3012,1840,-1,504,26770,11372
DATA,3014,1841,-1,505,26783,11380
DATA,3016,1842,3,506,26798,11386
DATA,3018,1843,-1,507,26809,11392
DATA,3022,1844,3,510,26819,11402
DATA,3025,1845,3,513,26829,11410
DATA,3026,1846,3,514,26836,11416
DATA,3027,1847,-1,513,26846,11420
DATA,3031,1848,3,516,26856,11430
DATA,3034,1849,3,519,26866,11438
DATA,3035,1850,3,520,26878,11444
DATA,3036,1851,-1,519,26891,11450
DATA,3037,1852,3,518,26905,11454
DATA,3038,1853,3,517,26921,11460
DATA,3039,1854,-1,516,26944,11466
DATA,3040,1855,3,515,26956,11472
DATA,3041,1856,-1,514,26968,11476
DATA,3043,1857,3,515,26992,11482
DATA,3044,1858,3,514,27007,11488
DATA,3045,1859,-1,513,27026,11494
DATA,3046,1860,3,512,27045,11498
DATA,3047,1861,3,511,27062,11504
DATA,3048,1862,-1,510,27089,11510
DATA,3049,1863,3,509,27102,11516
DATA,3050,1864,-1,508,27123,11520
DATA,3051,1865,-1,507,27130,11526
DATA,3052,1866,3,506,27156,11530
DATA,3053,1867,3,505,27164,11536
DATA,3054,1868,-1,504,27187,11540
DATA,3056,1869,-1,505,27202,11548
DATA,3058,1870,3,506,27217,11554
DATA,3061,1871,3,509,27233,11562
DATA,3062,1872,3,508,27251,11568
DATA,3063,1873,-1,507,27264,11574
DATA,3064,1874,3,506,27283,11578
DATA,3065,1875,3,505,27300,11584
DATA,3066,1876,-1,504,27324,11590
DATA,3067,1877,3,503,27337,11596
DATA,3068,1878,-1,502,27350,11600
DATA,3070,1879,3,503,27375,11606
DATA,3071,1880,3,502,27392,11612
DATA,3072,1881,-1,501,27411,11618
DATA,3073,1882,3,500,27428,11622
DATA,3074,1883,3,499,27436,11628
DATA,3075,1884,-1,498,27460,11632
DATA,3077,1885,-1,499,27484,11640
DATA,3078,1886,-1,498,27494,11646
DATA,3079,1887,3,497,27512,11650
DATA,3081,1888,-1,498,27533,11656
DATA,3083,1889,-1,499,27557,11664
DATA,3084,1890,-1,498,27572,11670
DATA,3085,1891,3,497,27592,11676
DATA,3086,1892,-1,496,27602,11680
DATA,3088,1893,3,497,27626,11686
DATA,3089,1894,3,496,27635,11692
DATA,3090,1895,-1,495,27650,11696
DATA,3093,1896,-1,498,27668,11704
DATA,3095,1897,-1,499,27689,11712
DATA,3096,1898,-1,498,27696,11718
DATA,3097,1899,3,497,27711,11722
DATA,3099,1900,-1,498,27729,11728
DATA,3101,1901,-1,499,27743,11736
DATA,3103,1902,3,500,27757,11742
DATA,3106,1903,3,503,27772,11750
DATA,3107,1904,3,502,27781,11756
DATA,3108,1905,-1,501,27791,11760
DATA,3112,1906,3,504,27801,11770
DATA,3115,1907,3,507,27811,11778
DATA,3116,1908,3,508,27825,11784
DATA,3117,1909,-1,507,27838,11790
DATA,3118,1910,3,506,27854,11794
DATA,3119,1911,3,505,27862,11800
DATA,3120,1912,-1,504,27883,11804
DATA,3122,1913,-1,505,27896,11812
DATA,3124,1914,3,506,27911,11818
DATA,3126,1915,-1,507,27922,11824
DATA,3129,1916,-1,510,27935,11832
DATA,3131,1917,-1,511,27952,11840
DATA,3132,1918,-1,510,27959,11846
DATA,3133,1919,3,509,27972,11850
DATA,3135,1920,-1,510,27989,11856
DATA,3137,1921,-1,511,28003,11864
DATA,3139,1922,3,512,28017,11870
DATA,3142,1923,3,515,28032,11878
DATA,3143,1924,3,514,28041,11884
DATA,3144,1925,-1,513,28051,11888
DATA,3147,1926,-1,516,28065,11896
DATA,3149,1927,-1,517,28077,11904
DATA,3151,1928,3,518,28090,11910
DATA,3153,1929,-1,519,28101,11916
DATA,3157,1930,3,522,28111,11926
DATA,3160,1931,3,525,28121,11934
DATA,3161,1932,3,526,28128,11940
DATA,3162,1933,-1,525,28138,11944
DATA,3166,1934,3,528,28148,11954
DATA,3169,1935,3,531,28158,11962
DATA,3170,1936,3,532,28170,11968
DATA,3171,1937,-1,531,28183,11974
DATA,3172,1938,3,530,28195,11978
DATA,3173,1939,3,529,28203,11984
DATA,3174,1940,-1,528,28223,11988
DATA,3176,1941,-1,529,28236,11996
DATA,3178,1942,3,530,28251,12002
DATA,3180,1943,-1,531,28262,12008
DATA,3184,1944,3,534,28272,12018
DATA,3187,1945,3,537,28282,12026
DATA,3188,1946,3,538,28289,12032
DATA,3189,1947,-1,537,28299,12036
DATA,3193,1948,3,540,28309,12046
DATA,3196,1949,3,543,28319,12054
DATA,3197,1950,3,544,28331,12060
DATA,3198,1951,-1,543,28344,12066
DATA,3199,1952,3,542,28358,12070
DATA,3200,1953,3,541,28374,12076
DATA,3201,1954,-1,540,28397,12082
DATA,3202,1955,3,539,28409,12088
DATA,3203,1956,-1,538,28421,12092
DATA,3205,1957,3,539,28445,12098
DATA,3206,1958,3,538,28460,12104
DATA,3207,1959,-1,537,28479,12110
DATA,3208,1960,3,536,28495,12114
DATA,3209,1961,3,535,28503,12120
DATA,3210,1962,-1,534,28527,12124
DATA,3212,1963,-1,535,28550,12132
DATA,3213,1964,-1,534,28557,12138
DATA,3214,1965,3,533,28574,12142
DATA,3216,1966,-1,534,28592,12148
DATA,3218,1967,-1,535,28606,12156
DATA,3220,1968,3,536,28620,12162
DATA,3223,1969,3,539,28635,12170
DATA,3224,1970,3,538,28644,12176
DATA,3225,1971,-1,537,28654,12180
DATA,3228,1972,-1,540,28668,12188
DATA,3230,1973,-1,541,28680,12196
DATA,3232,1974,3,542,28693,12202
DATA,3234,1975,-1,543,28704,12208
DATA,3238,1976,3,546,28714,12218
DATA,3241,1977,3,549,28724,12226
DATA,3242,1978,3,550,28731,12232
DATA,3243,1979,-1,549,28741,12236
DATA,3247,1980,3,552,28751,12246
DATA,3250,1981,3,555,28761,12254
DATA,3251,1982,3,556,28773,12260
DATA,3252,1983,-1,555,28786,12266
DATA,3253,1984,3,554,28798,12270
DATA,3254,1985,3,553,28806,12276
DATA,3255,1986,-1,552,28826,12280
DATA,3257,1987,-1,553,28839,12288
DATA,3259,1988,3,554,28854,12294
DATA,3261,1989,-1,555,28865,12300
DATA,3265,1990,3,558,28875,12310
DATA,3268,1991,3,561,28885,12318
DATA,3269,1992,3,562,28892,12324
DATA,3270,1993,-1,561,28902,12328
DATA,3274,1994,3,564,28912,12338
DATA,3277,1995,3,567,28922,12346
DATA,3278,1996,3,568,28934,12352
DATA,3279,1997,-1,567,28947,12358
DATA,3280,1998,3,566,28961,12362
DATA,3281,1999,3,565,28977,12368
DATA,3282,2000,-1,564,29000,12374
